use archdb;
INSERT INTO User (first_name,last_name,email,title,login,password) VALUES('William', 'Rhodes', 'William_Rhodes@mail.ru', 'Mr', 'sandra16', 'X6GQWj4O!4');
INSERT INTO User (first_name,last_name,email,title,login,password) VALUES('Kristin', 'Chen', 'Kristin_Chen@mail.ru', 'Mr', 'bryan32', '@8Sid@c$96');
INSERT INTO User (first_name,last_name,email,title,login,password) VALUES('Patrick', 'Combs', 'Patrick_Combs@mail.ru', 'Mr', 'katherine26', 'BYs1GUoCu%');
INSERT INTO User (first_name,last_name,email,title,login,password) VALUES('Jeffrey', 'Smith', 'Jeffrey_Smith@mail.ru', 'Mr', 'dianahicks', 'o%b$8zMsb9');
INSERT INTO User (first_name,last_name,email,title,login,password) VALUES('Brent', 'Harrison', 'Brent_Harrison@mail.ru', 'Mr', 'mark22', '_BUbS&h!_8');
INSERT INTO User (first_name,last_name,email,title,login,password) VALUES('Michael', 'Arnold', 'Michael_Arnold@mail.ru', 'Mr', 'hernandezscott', '#S3dFz^PE(');
INSERT INTO User (first_name,last_name,email,title,login,password) VALUES('Jackson', 'Bryan', 'Jackson_Bryan@mail.ru', 'Mr', 'jacob48', 'Q2_)7JmL*d');
INSERT INTO User (first_name,last_name,email,title,login,password) VALUES('Stacey', 'Murphy', 'Stacey_Murphy@mail.ru', 'Mr', 'christopher96', '#46VXjPSET');
INSERT INTO User (first_name,last_name,email,title,login,password) VALUES('Ashley', 'Gallagher', 'Ashley_Gallagher@mail.ru', 'Mr', 'samuelthornton', 'HSrb7Iil%&');
INSERT INTO User (first_name,last_name,email,title,login,password) VALUES('Justin', 'Glass', 'Justin_Glass@mail.ru', 'Mr', 'ygood', 'mJ1IbZbT^H');
INSERT INTO User (first_name,last_name,email,title,login,password) VALUES('Brandon', 'Taylor', 'Brandon_Taylor@mail.ru', 'Mr', 'sharptravis', 'b2R6Pir6C+');
INSERT INTO User (first_name,last_name,email,title,login,password) VALUES('Audrey', 'Hunt', 'Audrey_Hunt@mail.ru', 'Mr', 'shelbyparker', '*AOnH0Cd07');
INSERT INTO User (first_name,last_name,email,title,login,password) VALUES('Lindsay', 'Williams', 'Lindsay_Williams@mail.ru', 'Mr', 'zimmermanamanda', '^c0Sx9xTJv');
INSERT INTO User (first_name,last_name,email,title,login,password) VALUES('Gary', 'Clark', 'Gary_Clark@mail.ru', 'Mr', 'pbuchanan', '&wC+5a!eD3');
INSERT INTO User (first_name,last_name,email,title,login,password) VALUES('Erin', 'Preston', 'Erin_Preston@mail.ru', 'Mr', 'jason05', ')0*V_Ary0v');
INSERT INTO User (first_name,last_name,email,title,login,password) VALUES('Andrew', 'Johnson', 'Andrew_Johnson@mail.ru', 'Mr', 'deborahjohnson', 'Rw6sD2we4$');
INSERT INTO User (first_name,last_name,email,title,login,password) VALUES('Dana', 'Summers', 'Dana_Summers@mail.ru', 'Mr', 'johnsmith', '&#1#BUJoY)');
INSERT INTO User (first_name,last_name,email,title,login,password) VALUES('Joseph', 'Jacobs', 'Joseph_Jacobs@mail.ru', 'Mr', 'rfitzgerald', '#1JzQ30b0c');
INSERT INTO User (first_name,last_name,email,title,login,password) VALUES('Randall', 'Foster', 'Randall_Foster@mail.ru', 'Mr', 'slee', 'r%92Y3o&eP');
INSERT INTO User (first_name,last_name,email,title,login,password) VALUES('Sean', 'Wallace', 'Sean_Wallace@mail.ru', 'Mr', 'fcarter', '1*9K%tZ0!K');
INSERT INTO User (first_name,last_name,email,title,login,password) VALUES('Donna', 'Sharp', 'Donna_Sharp@mail.ru', 'Mr', 'ecollins', 'Py%(Ekr2$8');
INSERT INTO User (first_name,last_name,email,title,login,password) VALUES('Marcus', 'Norman', 'Marcus_Norman@mail.ru', 'Mr', 'marc32', '20folZuR%e');
INSERT INTO User (first_name,last_name,email,title,login,password) VALUES('Lindsay', 'Robertson', 'Lindsay_Robertson@mail.ru', 'Mr', 'jamesbenjamin', '+z#NZDeS&7');
INSERT INTO User (first_name,last_name,email,title,login,password) VALUES('Terry', 'Harris', 'Terry_Harris@mail.ru', 'Mr', 'christinajones', '!1OJmIy(dJ');
INSERT INTO User (first_name,last_name,email,title,login,password) VALUES('Raymond', 'Knox', 'Raymond_Knox@mail.ru', 'Mr', 'cunninghamsusan', '&2QY5UeA07');
INSERT INTO User (first_name,last_name,email,title,login,password) VALUES('Brett', 'Butler', 'Brett_Butler@mail.ru', 'Mr', 'fieldscarolyn', 'mZ_3EbwEWb');
INSERT INTO User (first_name,last_name,email,title,login,password) VALUES('Desiree', 'Patel', 'Desiree_Patel@mail.ru', 'Mr', 'fperez', 'Cv4%LKhcI#');
INSERT INTO User (first_name,last_name,email,title,login,password) VALUES('Marcus', 'Odonnell', 'Marcus_Odonnell@mail.ru', 'Mr', 'reidmatthew', 'M)0Rzj@*sq');
INSERT INTO User (first_name,last_name,email,title,login,password) VALUES('Ashley', 'Chen', 'Ashley_Chen@mail.ru', 'Mr', 'michael75', '+YWjrp3l4s');
INSERT INTO User (first_name,last_name,email,title,login,password) VALUES('Erica', 'Davis', 'Erica_Davis@mail.ru', 'Mr', 'susanwarner', '@7eG7DlKhK');
INSERT INTO User (first_name,last_name,email,title,login,password) VALUES('James', 'Miller', 'James_Miller@mail.ru', 'Mr', 'sonya94', 'w+T4KYmB9h');
INSERT INTO User (first_name,last_name,email,title,login,password) VALUES('Karen', 'Gonzalez', 'Karen_Gonzalez@mail.ru', 'Mr', 'pharris', '%32jJckHYS');
INSERT INTO User (first_name,last_name,email,title,login,password) VALUES('Jeffrey', 'Taylor', 'Jeffrey_Taylor@mail.ru', 'Mr', 'rkelly', '4q8EI)Wj&b');
INSERT INTO User (first_name,last_name,email,title,login,password) VALUES('David', 'Harris', 'David_Harris@mail.ru', 'Mr', 'vincent46', '9_a1XPg^he');
INSERT INTO User (first_name,last_name,email,title,login,password) VALUES('Melissa', 'Reid', 'Melissa_Reid@mail.ru', 'Mr', 'nancy72', '&&$0H+ScR@');
INSERT INTO User (first_name,last_name,email,title,login,password) VALUES('Yvette', 'Hendrix', 'Yvette_Hendrix@mail.ru', 'Mr', 'lopezdaniel', 'A!0WvPU3Zd');
INSERT INTO User (first_name,last_name,email,title,login,password) VALUES('Meredith', 'Hawkins', 'Meredith_Hawkins@mail.ru', 'Mr', 'jason91', 'o%NRH4JtIG');
INSERT INTO User (first_name,last_name,email,title,login,password) VALUES('Jacqueline', 'Johnson', 'Jacqueline_Johnson@mail.ru', 'Mr', 'harrisdavid', 'eK*1Zbk97U');
INSERT INTO User (first_name,last_name,email,title,login,password) VALUES('Donald', 'Mcdonald', 'Donald_Mcdonald@mail.ru', 'Mr', 'payneheather', '+7^Jtihy)x');
INSERT INTO User (first_name,last_name,email,title,login,password) VALUES('Sharon', 'Campbell', 'Sharon_Campbell@mail.ru', 'Mr', 'mitchellalex', 'rqF%4cFhBq');
INSERT INTO User (first_name,last_name,email,title,login,password) VALUES('Daniel', 'Salinas', 'Daniel_Salinas@mail.ru', 'Mr', 'oromero', '@hm9JYsA+7');
INSERT INTO User (first_name,last_name,email,title,login,password) VALUES('Douglas', 'Wilson', 'Douglas_Wilson@mail.ru', 'Mr', 'zmccarthy', 'T#6WxmGeWx');
INSERT INTO User (first_name,last_name,email,title,login,password) VALUES('Anthony', 'Downs', 'Anthony_Downs@mail.ru', 'Mr', 'jasonmiller', 'y*65Sre_0w');
INSERT INTO User (first_name,last_name,email,title,login,password) VALUES('Cindy', 'Conway', 'Cindy_Conway@mail.ru', 'Mr', 'trevor70', 'EjSSej$p^0');
INSERT INTO User (first_name,last_name,email,title,login,password) VALUES('Valerie', 'Wright', 'Valerie_Wright@mail.ru', 'Mr', 'nsalinas', '2EvB8f26!w');
INSERT INTO User (first_name,last_name,email,title,login,password) VALUES('Angelica', 'Ferrell', 'Angelica_Ferrell@mail.ru', 'Mr', 'ellisjessica', '@b0WxK*Ya*');
INSERT INTO User (first_name,last_name,email,title,login,password) VALUES('Yolanda', 'Huff', 'Yolanda_Huff@mail.ru', 'Mr', 'hlee', 'N(35KnpYx+');
INSERT INTO User (first_name,last_name,email,title,login,password) VALUES('Tiffany', 'Flores', 'Tiffany_Flores@mail.ru', 'Mr', 'leonardchristian', 'l3LbeqdV)w');
INSERT INTO User (first_name,last_name,email,title,login,password) VALUES('Terry', 'Gillespie', 'Terry_Gillespie@mail.ru', 'Mr', 'uwhite', '7(23G3Rx@7');
INSERT INTO User (first_name,last_name,email,title,login,password) VALUES('John', 'Finley', 'John_Finley@mail.ru', 'Mr', 'brittanymiller', 's6XN8gGe$6');
INSERT INTO User (first_name,last_name,email,title,login,password) VALUES('Jeffrey', 'Jones', 'Jeffrey_Jones@mail.ru', 'Mr', 'brandismith', 'V287VcHc(O');
INSERT INTO User (first_name,last_name,email,title,login,password) VALUES('Lawrence', 'Jackson', 'Lawrence_Jackson@mail.ru', 'Mr', 'kristinefields', '@E3FYp@bqt');
INSERT INTO User (first_name,last_name,email,title,login,password) VALUES('Susan', 'Gonzalez', 'Susan_Gonzalez@mail.ru', 'Mr', 'juliadaniels', '(P2It1XT3Z');
INSERT INTO User (first_name,last_name,email,title,login,password) VALUES('Jonathan', 'Middleton', 'Jonathan_Middleton@mail.ru', 'Mr', 'zjackson', '%0QPaFwXZ(');
INSERT INTO User (first_name,last_name,email,title,login,password) VALUES('Carolyn', 'Wade', 'Carolyn_Wade@mail.ru', 'Mr', 'tgreen', '5_0ukTuy+*');
INSERT INTO User (first_name,last_name,email,title,login,password) VALUES('Kelly', 'Ochoa', 'Kelly_Ochoa@mail.ru', 'Mr', 'bryantjessica', 'PHrLw^8b1+');
INSERT INTO User (first_name,last_name,email,title,login,password) VALUES('Scott', 'Barnes', 'Scott_Barnes@mail.ru', 'Mr', 'michele26', 'XH0DtmzD^8');
INSERT INTO User (first_name,last_name,email,title,login,password) VALUES('Anthony', 'Alvarez', 'Anthony_Alvarez@mail.ru', 'Mr', 'kristindouglas', '_t4ObA)eV7');
INSERT INTO User (first_name,last_name,email,title,login,password) VALUES('Laura', 'Alvarado', 'Laura_Alvarado@mail.ru', 'Mr', 'william87', 'R&!6VGUaEE');
INSERT INTO User (first_name,last_name,email,title,login,password) VALUES('Robert', 'Shaw', 'Robert_Shaw@mail.ru', 'Mr', 'tiffanyhall', 'l(N%8Q_lMC');
INSERT INTO User (first_name,last_name,email,title,login,password) VALUES('Christopher', 'Kim', 'Christopher_Kim@mail.ru', 'Mr', 'qdelgado', 'S0^Mvr&Y_U');
INSERT INTO User (first_name,last_name,email,title,login,password) VALUES('William', 'Chavez', 'William_Chavez@mail.ru', 'Mr', 'martinstephanie', 'RUr3dKJq#4');
INSERT INTO User (first_name,last_name,email,title,login,password) VALUES('Robert', 'West', 'Robert_West@mail.ru', 'Mr', 'marco19', 'X59OxmJw&c');
INSERT INTO User (first_name,last_name,email,title,login,password) VALUES('Whitney', 'Moore', 'Whitney_Moore@mail.ru', 'Mr', 'david21', '%4FcgoF3p+');
INSERT INTO User (first_name,last_name,email,title,login,password) VALUES('Christopher', 'Acosta', 'Christopher_Acosta@mail.ru', 'Mr', 'brownlaura', '#fV8(Ge93F');
INSERT INTO User (first_name,last_name,email,title,login,password) VALUES('Theresa', 'Russell', 'Theresa_Russell@mail.ru', 'Mr', 'edwardwright', '+ra6H&ub+u');
INSERT INTO User (first_name,last_name,email,title,login,password) VALUES('Jon', 'Hale', 'Jon_Hale@mail.ru', 'Mr', 'williamsoncrystal', '(bg8RROrz#');
INSERT INTO User (first_name,last_name,email,title,login,password) VALUES('Diana', 'Carey', 'Diana_Carey@mail.ru', 'Mr', 'danielle37', 'i!9p1Rpi@G');
INSERT INTO User (first_name,last_name,email,title,login,password) VALUES('Mary', 'Lee', 'Mary_Lee@mail.ru', 'Mr', 'richard77', '&7mAZDBoh8');
INSERT INTO User (first_name,last_name,email,title,login,password) VALUES('Sheila', 'Woodard', 'Sheila_Woodard@mail.ru', 'Mr', 'jason08', '+NOCq%dt+9');
INSERT INTO User (first_name,last_name,email,title,login,password) VALUES('Victoria', 'Henry', 'Victoria_Henry@mail.ru', 'Mr', 'lisaperez', 'nu_9MVjrW$');
INSERT INTO User (first_name,last_name,email,title,login,password) VALUES('Brian', 'Long', 'Brian_Long@mail.ru', 'Mr', 'wmartinez', 'L8I1ZXtU_d');
INSERT INTO User (first_name,last_name,email,title,login,password) VALUES('Cynthia', 'Elliott', 'Cynthia_Elliott@mail.ru', 'Mr', 'loganpacheco', '%V%Q)&cbz1');
INSERT INTO User (first_name,last_name,email,title,login,password) VALUES('Jonathan', 'Hoffman', 'Jonathan_Hoffman@mail.ru', 'Mr', 'william21', 'I*u1hE&oVM');
INSERT INTO User (first_name,last_name,email,title,login,password) VALUES('Haley', 'Palmer', 'Haley_Palmer@mail.ru', 'Mr', 'hbecker', '!0G7_HUk%)');
INSERT INTO User (first_name,last_name,email,title,login,password) VALUES('James', 'Branch', 'James_Branch@mail.ru', 'Mr', 'lmitchell', 'i)W8SU*e6K');
INSERT INTO User (first_name,last_name,email,title,login,password) VALUES('Brandon', 'Phillips', 'Brandon_Phillips@mail.ru', 'Mr', 'wallerkenneth', '6C+W1ANh_K');
INSERT INTO User (first_name,last_name,email,title,login,password) VALUES('Kevin', 'Clark', 'Kevin_Clark@mail.ru', 'Mr', 'shermanmckenzie', '(MMN9zIvqM');
INSERT INTO User (first_name,last_name,email,title,login,password) VALUES('Lori', 'Arroyo', 'Lori_Arroyo@mail.ru', 'Mr', 'castanedamichael', 'Xy@5(1BcL1');
INSERT INTO User (first_name,last_name,email,title,login,password) VALUES('Robert', 'Snyder', 'Robert_Snyder@mail.ru', 'Mr', 'brady31', '%AE)z**s7n');
INSERT INTO User (first_name,last_name,email,title,login,password) VALUES('Richard', 'Baker', 'Richard_Baker@mail.ru', 'Mr', 'hjones', 'zq!4VB&nb5');
INSERT INTO User (first_name,last_name,email,title,login,password) VALUES('William', 'Martin', 'William_Martin@mail.ru', 'Mr', 'deanphelps', '*nlCHQzH7x');
INSERT INTO User (first_name,last_name,email,title,login,password) VALUES('Joseph', 'Ramirez', 'Joseph_Ramirez@mail.ru', 'Mr', 'patrick36', 'eViLmiuk%9');
INSERT INTO User (first_name,last_name,email,title,login,password) VALUES('Christopher', 'Watson', 'Christopher_Watson@mail.ru', 'Mr', 'ericatucker', '4D)!H(iV&1');
INSERT INTO User (first_name,last_name,email,title,login,password) VALUES('Michael', 'Rodriguez', 'Michael_Rodriguez@mail.ru', 'Mr', 'lorraine95', '*rAiTYWu6J');
INSERT INTO User (first_name,last_name,email,title,login,password) VALUES('Kevin', 'Jensen', 'Kevin_Jensen@mail.ru', 'Mr', 'heidicarr', 'O@0*Lj&t(2');
INSERT INTO User (first_name,last_name,email,title,login,password) VALUES('Eric', 'Miles', 'Eric_Miles@mail.ru', 'Mr', 'jonathancoleman', '@20y_Q^r0D');
INSERT INTO User (first_name,last_name,email,title,login,password) VALUES('Russell', 'Scott', 'Russell_Scott@mail.ru', 'Mr', 'breyes', ')5Fmh2P%(*');
INSERT INTO User (first_name,last_name,email,title,login,password) VALUES('Benjamin', 'Berger', 'Benjamin_Berger@mail.ru', 'Mr', 'emalone', ')4KcIXO^Bs');
INSERT INTO User (first_name,last_name,email,title,login,password) VALUES('Sherri', 'Jackson', 'Sherri_Jackson@mail.ru', 'Mr', 'ggillespie', '25IFXdkR@J');
INSERT INTO User (first_name,last_name,email,title,login,password) VALUES('Mary', 'Pearson', 'Mary_Pearson@mail.ru', 'Mr', 'anthonywalsh', '0j9ImAu#6#');
INSERT INTO User (first_name,last_name,email,title,login,password) VALUES('Todd', 'Knight', 'Todd_Knight@mail.ru', 'Mr', 'oanderson', 'X2e8Lz9Z)u');
INSERT INTO User (first_name,last_name,email,title,login,password) VALUES('Michael', 'Adkins', 'Michael_Adkins@mail.ru', 'Mr', 'paulboyd', '0tv1Y7mn%o');
INSERT INTO User (first_name,last_name,email,title,login,password) VALUES('Brent', 'Alexander', 'Brent_Alexander@mail.ru', 'Mr', 'breanna87', 'S!)DWy4N(5');
INSERT INTO User (first_name,last_name,email,title,login,password) VALUES('Jeffrey', 'Lewis', 'Jeffrey_Lewis@mail.ru', 'Mr', 'carl09', '%6EkRGcxv7');
INSERT INTO User (first_name,last_name,email,title,login,password) VALUES('Tony', 'Welch', 'Tony_Welch@mail.ru', 'Mr', 'tinastevens', '9DRA9q^S%3');
INSERT INTO User (first_name,last_name,email,title,login,password) VALUES('Mark', 'Guzman', 'Mark_Guzman@mail.ru', 'Mr', 'beckertravis', 'Q6T9*qva@v');
INSERT INTO User (first_name,last_name,email,title,login,password) VALUES('Johnny', 'Robinson', 'Johnny_Robinson@mail.ru', 'Mr', 'osanchez', 'G3!yTGdl&8');
INSERT INTO User (first_name,last_name,email,title,login,password) VALUES('Robin', 'Porter', 'Robin_Porter@mail.ru', 'Mr', 'amy48', '6l3)WRTt_g');
INSERT INTO User (first_name,last_name,email,title,login,password) VALUES('Michael', 'Palmer', 'Michael_Palmer@mail.ru', 'Mr', 'agriffin', '_vo07I8j*D');

INSERT INTO Item (name, type, description, price) VALUES('jbbufluipjplmr', 'hhnxmacfyl', 'ixozxdvsrpqp', 32946);
INSERT INTO Item (name, type, description, price) VALUES('ckbiqmzkrtws', 'ysfxxxuhgklhj', 'nlytujljwrcas', 89558);
INSERT INTO Item (name, type, description, price) VALUES('gjbuwmqe', 'pbsrpxed', 'tzkezmdjfjbzlzt', 77244);
INSERT INTO Item (name, type, description, price) VALUES('wtbthtfpxd', 'zjoijitxwj', 'apft', 75542);
INSERT INTO Item (name, type, description, price) VALUES('iiplgwertv', 'xeufroncu', 'qrontrcw', 64024);
INSERT INTO Item (name, type, description, price) VALUES('vuamswluwg', 'xffvkfvzstfsppu', 'aruz', 1233);
INSERT INTO Item (name, type, description, price) VALUES('ekdycr', 'vajwivloss', 'dxapoz', 32992);
INSERT INTO Item (name, type, description, price) VALUES('hqzq', 'tllzalgrnpsuqeu', 'fwytcxzzotfx', 19829);
INSERT INTO Item (name, type, description, price) VALUES('dtlsdhmyasph', 'arjsdh', 'gdbpreowar', 61300);
INSERT INTO Item (name, type, description, price) VALUES('tyrovgwqezqo', 'uvfuerxdlse', 'ubgziqjora', 25816);
INSERT INTO Item (name, type, description, price) VALUES('ohhoowth', 'yrhpgf', 'mxva', 42378);
INSERT INTO Item (name, type, description, price) VALUES('tsqtvpiee', 'zmiyueptyvnbqly', 'vcmrbeozxdaae', 65595);
INSERT INTO Item (name, type, description, price) VALUES('czpxs', 'uxridmfbvjfxzza', 'yajyxn', 98050);
INSERT INTO Item (name, type, description, price) VALUES('nydhuvyd', 'kbiosoh', 'ybovhqtluak', 13340);
INSERT INTO Item (name, type, description, price) VALUES('aayimpatslrck', 'jnnymxx', 'jgwuyyexg', 13686);
INSERT INTO Item (name, type, description, price) VALUES('dxjjuejfdpbat', 'bwoatgxxiv', 'sbuvbiaxfdwghd', 70141);
INSERT INTO Item (name, type, description, price) VALUES('brckg', 'cmvpac', 'oanameyicvl', 58054);
INSERT INTO Item (name, type, description, price) VALUES('zlencqzntdxzvwl', 'jlwfbv', 'bhundnsuindcufa', 94107);
INSERT INTO Item (name, type, description, price) VALUES('cbdbphifeg', 'szgbltwsqslzjn', 'mhxkb', 60463);
INSERT INTO Item (name, type, description, price) VALUES('jflxswdr', 'lqzd', 'noyysrug', 21881);
INSERT INTO Item (name, type, description, price) VALUES('npmxtekfz', 'amski', 'ybwarejolloudq', 96997);
INSERT INTO Item (name, type, description, price) VALUES('uwhyokocen', 'btzlxnymxmy', 'fuksouiax', 9034);
INSERT INTO Item (name, type, description, price) VALUES('jddvnsik', 'nyfu', 'lfrwrzkm', 97463);
INSERT INTO Item (name, type, description, price) VALUES('gpmcg', 'xqyjuzxkvk', 'svlwaflrgjfsi', 7361);
INSERT INTO Item (name, type, description, price) VALUES('gtqswcitiuh', 'nytqbwx', 'ozhcqzfvsxrejhl', 88072);
INSERT INTO Item (name, type, description, price) VALUES('sgxakxdczqfbqlt', 'wuabvxvksip', 'carnxnrhhic', 72486);
INSERT INTO Item (name, type, description, price) VALUES('drbkyp', 'bqippzhuq', 'sefpagplli', 58087);
INSERT INTO Item (name, type, description, price) VALUES('nxdlvd', 'jhxrodlkrq', 'vesqwdrkn', 39561);
INSERT INTO Item (name, type, description, price) VALUES('noqpksc', 'kwshjgqz', 'xsfm', 52518);
INSERT INTO Item (name, type, description, price) VALUES('ywfarhzmk', 'qgtlznucxe', 'etwoudbyog', 20550);
INSERT INTO Item (name, type, description, price) VALUES('lrlae', 'rresindztt', 'xxvo', 80133);
INSERT INTO Item (name, type, description, price) VALUES('hoxyb', 'rpowbum', 'izcyiae', 86981);
INSERT INTO Item (name, type, description, price) VALUES('vzoky', 'yppkfygexcygitc', 'omgsptfc', 38063);
INSERT INTO Item (name, type, description, price) VALUES('mjvsxbaajxnqzz', 'jthbekv', 'tbrmqdyizw', 73294);
INSERT INTO Item (name, type, description, price) VALUES('jupmmxil', 'luyqrnzdc', 'yyzqoabup', 45962);
INSERT INTO Item (name, type, description, price) VALUES('itdbuxpuggg', 'smpsmahlzugp', 'uosvfddzncsmiy', 58962);
INSERT INTO Item (name, type, description, price) VALUES('tszlhbnx', 'ciljtkfnywflsbi', 'hazyqcfittik', 27745);
INSERT INTO Item (name, type, description, price) VALUES('oztadiochlp', 'czydkebzgl', 'qptnlbbuamrer', 66269);
INSERT INTO Item (name, type, description, price) VALUES('pghrdbtk', 'lnacxtz', 'spepkqaxxzob', 23977);
INSERT INTO Item (name, type, description, price) VALUES('daatrsjkx', 'jynvzbmkhsxusd', 'vjhz', 6854);
INSERT INTO Item (name, type, description, price) VALUES('mbqeeqq', 'stvignxpxsjy', 'amfbjufdgawrsh', 7349);
INSERT INTO Item (name, type, description, price) VALUES('aizvhhzgxlhsx', 'dfnczs', 'kdioelosmqulbvd', 64478);
INSERT INTO Item (name, type, description, price) VALUES('tjwfvclvs', 'ibfpdeihg', 'lcqmtejyyeahcb', 55419);
INSERT INTO Item (name, type, description, price) VALUES('vdqhnyc', 'rdncbpwwudt', 'hwdtodnf', 78212);
INSERT INTO Item (name, type, description, price) VALUES('wmoe', 'dqeanlgznfkktab', 'yxrrugmfoqje', 18116);
INSERT INTO Item (name, type, description, price) VALUES('bzzuemvygm', 'gfasd', 'rntjruqruqhpgh', 52071);
INSERT INTO Item (name, type, description, price) VALUES('kacztyduxucafu', 'xrilrmlkc', 'sxxuul', 8836);
INSERT INTO Item (name, type, description, price) VALUES('grxbfcjbvdhxrk', 'tbokvupr', 'lozyhgd', 68287);
INSERT INTO Item (name, type, description, price) VALUES('hneejpcf', 'fkhovdlo', 'menomdqolmydxw', 69586);
INSERT INTO Item (name, type, description, price) VALUES('wshgfg', 'sypijhahylmthz', 'zxdzyjnf', 85530);
INSERT INTO Item (name, type, description, price) VALUES('zmsdh', 'dckfdhivtix', 'xfift', 39542);
INSERT INTO Item (name, type, description, price) VALUES('byjqlalfpzn', 'ezygp', 'szhaagksbogclg', 92465);
INSERT INTO Item (name, type, description, price) VALUES('jdujww', 'zcxqeg', 'burmnenjlnick', 27718);
INSERT INTO Item (name, type, description, price) VALUES('jyjphmtdmyqx', 'fsgztzbynxsodig', 'spcxpwm', 91009);
INSERT INTO Item (name, type, description, price) VALUES('hnhktt', 'ynnvxmwyji', 'ghzvmwi', 23904);
INSERT INTO Item (name, type, description, price) VALUES('olzpyicqdc', 'wmfnaldykmxodpg', 'sssac', 6441);
INSERT INTO Item (name, type, description, price) VALUES('gwvlytnx', 'zpvzdedenhnwlm', 'xrgshozaiyagl', 78848);
INSERT INTO Item (name, type, description, price) VALUES('ulgda', 'wnpsjzobvccnoie', 'epthwskqu', 64071);
INSERT INTO Item (name, type, description, price) VALUES('ihnls', 'nlpwkipuosv', 'zwayzsrhiloph', 82579);
INSERT INTO Item (name, type, description, price) VALUES('ijgyqcyrk', 'bpgmdlr', 'bojszowi', 21078);
INSERT INTO Item (name, type, description, price) VALUES('frqybaroibizpnc', 'dmasqh', 'evfoicnvuxml', 11330);
INSERT INTO Item (name, type, description, price) VALUES('vgdsophkv', 'ocoijrk', 'ildoajaymvcbpt', 3265);
INSERT INTO Item (name, type, description, price) VALUES('kzgadxsmwih', 'gbzi', 'krymjxofn', 59807);
INSERT INTO Item (name, type, description, price) VALUES('peojpfbvkgix', 'hrbnzyvxgxkcwg', 'rufoj', 96175);
INSERT INTO Item (name, type, description, price) VALUES('mjpcxnbbjp', 'ihjdvrhpyyxebbk', 'shdp', 93091);
INSERT INTO Item (name, type, description, price) VALUES('xbwzrsncgsl', 'xzglik', 'pmnjvb', 57770);
INSERT INTO Item (name, type, description, price) VALUES('vwxf', 'xiyim', 'qeyekp', 6252);
INSERT INTO Item (name, type, description, price) VALUES('qmcvhp', 'enmynjcwcrof', 'cfceoiiyrnhfl', 8058);
INSERT INTO Item (name, type, description, price) VALUES('iamxyza', 'xkzppqyjqw', 'pbwghtxw', 1633);
INSERT INTO Item (name, type, description, price) VALUES('cptljkfdehv', 'ibhovumf', 'djhefgkpmi', 85142);
INSERT INTO Item (name, type, description, price) VALUES('vzzkqbr', 'savxpxsvsp', 'jotoaervjmcr', 70447);
INSERT INTO Item (name, type, description, price) VALUES('mwbj', 'wcigyuncrecwqn', 'svdbnvrwggfqzgv', 94057);
INSERT INTO Item (name, type, description, price) VALUES('yndrgnj', 'ewzlfijuhhzknh', 'txogxbnkzhjdky', 41026);
INSERT INTO Item (name, type, description, price) VALUES('ohkbjab', 'wmpzremxpptzq', 'vncmf', 61611);
INSERT INTO Item (name, type, description, price) VALUES('yihwnhvhztjvfsp', 'cftzfcivitif', 'rxkhmiepuhm', 25508);
INSERT INTO Item (name, type, description, price) VALUES('wbofbks', 'kbxmln', 'vmzhf', 45616);
INSERT INTO Item (name, type, description, price) VALUES('ovxfpi', 'lhanvwkxrkyeznb', 'nzxnzjwd', 4128);
INSERT INTO Item (name, type, description, price) VALUES('npqmmqgpn', 'ftlowrlrl', 'zbthquxltdwpkj', 28065);
INSERT INTO Item (name, type, description, price) VALUES('bynycrzopbfxksy', 'hkfkfanbbqtx', 'jdkvflmoneuxm', 4793);
INSERT INTO Item (name, type, description, price) VALUES('ldxkzm', 'uplndcfma', 'dhxuvzsg', 31484);
INSERT INTO Item (name, type, description, price) VALUES('mfjrrxfisas', 'dddpcdk', 'zevrsnuxsruiy', 64394);
INSERT INTO Item (name, type, description, price) VALUES('kuuaogqp', 'wdjb', 'nshibmhyiotlgtv', 47664);
INSERT INTO Item (name, type, description, price) VALUES('fkrykkkqb', 'pqopjljwfg', 'jwud', 4173);
INSERT INTO Item (name, type, description, price) VALUES('gdisgaonw', 'fxnodub', 'qhflddmvoeah', 26302);
INSERT INTO Item (name, type, description, price) VALUES('rppw', 'ikftobhlhichci', 'znzse', 70491);
INSERT INTO Item (name, type, description, price) VALUES('pgxdpluxezfdgv', 'ipaknfynmyilcif', 'geuxynzydbumbp', 98817);
INSERT INTO Item (name, type, description, price) VALUES('jldifuoi', 'hompvsjjgylwrtv', 'mlzaax', 64755);
INSERT INTO Item (name, type, description, price) VALUES('gvklkrxzxm', 'daizizqusjikc', 'mhzwzcw', 41914);
INSERT INTO Item (name, type, description, price) VALUES('ahamthx', 'tkvlaosri', 'kpnxylu', 14281);
INSERT INTO Item (name, type, description, price) VALUES('bzbtlrkbhuevxrc', 'ioatzuckml', 'xsooblg', 19671);
INSERT INTO Item (name, type, description, price) VALUES('flxnbbaznkyb', 'cjjdpakpq', 'byezxxydrwdqky', 25787);
INSERT INTO Item (name, type, description, price) VALUES('walafrlhnmcjtp', 'qjzxzadp', 'tuwkbgqgldanjh', 35597);
INSERT INTO Item (name, type, description, price) VALUES('bdfcy', 'oymhbiisnwwo', 'nymaryetn', 20120);
INSERT INTO Item (name, type, description, price) VALUES('lywuw', 'lwembkgawvrq', 'kqywn', 69344);
INSERT INTO Item (name, type, description, price) VALUES('usmzfp', 'bpdvlwvaaz', 'xeuz', 73844);
INSERT INTO Item (name, type, description, price) VALUES('brph', 'viivkj', 'bhqis', 3901);
INSERT INTO Item (name, type, description, price) VALUES('ocitrtsm', 'rywey', 'jcrfcbrazjnlfp', 56947);
INSERT INTO Item (name, type, description, price) VALUES('fqgmiofw', 'crgipitvwi', 'agjqspvwvnduvm', 45179);
INSERT INTO Item (name, type, description, price) VALUES('vgnmxa', 'wdjs', 'ztzn', 37912);
INSERT INTO Item (name, type, description, price) VALUES('jnqagfvzcrt', 'euhblsruchpienw', 'ajapqaegsgcy', 24531);

INSERT INTO Cart (owner_id) VALUES(1);
INSERT INTO Cart (owner_id) VALUES(2);
INSERT INTO Cart (owner_id) VALUES(3);
INSERT INTO Cart (owner_id) VALUES(4);
INSERT INTO Cart (owner_id) VALUES(5);
INSERT INTO Cart (owner_id) VALUES(6);
INSERT INTO Cart (owner_id) VALUES(7);
INSERT INTO Cart (owner_id) VALUES(8);
INSERT INTO Cart (owner_id) VALUES(9);
INSERT INTO Cart (owner_id) VALUES(10);
INSERT INTO Cart (owner_id) VALUES(11);
INSERT INTO Cart (owner_id) VALUES(12);
INSERT INTO Cart (owner_id) VALUES(13);
INSERT INTO Cart (owner_id) VALUES(14);
INSERT INTO Cart (owner_id) VALUES(15);
INSERT INTO Cart (owner_id) VALUES(16);
INSERT INTO Cart (owner_id) VALUES(17);
INSERT INTO Cart (owner_id) VALUES(18);
INSERT INTO Cart (owner_id) VALUES(19);
INSERT INTO Cart (owner_id) VALUES(20);
INSERT INTO Cart (owner_id) VALUES(21);
INSERT INTO Cart (owner_id) VALUES(22);
INSERT INTO Cart (owner_id) VALUES(23);
INSERT INTO Cart (owner_id) VALUES(24);
INSERT INTO Cart (owner_id) VALUES(25);
INSERT INTO Cart (owner_id) VALUES(26);
INSERT INTO Cart (owner_id) VALUES(27);
INSERT INTO Cart (owner_id) VALUES(28);
INSERT INTO Cart (owner_id) VALUES(29);
INSERT INTO Cart (owner_id) VALUES(30);
INSERT INTO Cart (owner_id) VALUES(31);
INSERT INTO Cart (owner_id) VALUES(32);
INSERT INTO Cart (owner_id) VALUES(33);
INSERT INTO Cart (owner_id) VALUES(34);
INSERT INTO Cart (owner_id) VALUES(35);
INSERT INTO Cart (owner_id) VALUES(36);
INSERT INTO Cart (owner_id) VALUES(37);
INSERT INTO Cart (owner_id) VALUES(38);
INSERT INTO Cart (owner_id) VALUES(39);
INSERT INTO Cart (owner_id) VALUES(40);
INSERT INTO Cart (owner_id) VALUES(41);
INSERT INTO Cart (owner_id) VALUES(42);
INSERT INTO Cart (owner_id) VALUES(43);
INSERT INTO Cart (owner_id) VALUES(44);
INSERT INTO Cart (owner_id) VALUES(45);
INSERT INTO Cart (owner_id) VALUES(46);
INSERT INTO Cart (owner_id) VALUES(47);
INSERT INTO Cart (owner_id) VALUES(48);
INSERT INTO Cart (owner_id) VALUES(49);
INSERT INTO Cart (owner_id) VALUES(50);
INSERT INTO Cart (owner_id) VALUES(51);
INSERT INTO Cart (owner_id) VALUES(52);
INSERT INTO Cart (owner_id) VALUES(53);
INSERT INTO Cart (owner_id) VALUES(54);
INSERT INTO Cart (owner_id) VALUES(55);
INSERT INTO Cart (owner_id) VALUES(56);
INSERT INTO Cart (owner_id) VALUES(57);
INSERT INTO Cart (owner_id) VALUES(58);
INSERT INTO Cart (owner_id) VALUES(59);
INSERT INTO Cart (owner_id) VALUES(60);
INSERT INTO Cart (owner_id) VALUES(61);
INSERT INTO Cart (owner_id) VALUES(62);
INSERT INTO Cart (owner_id) VALUES(63);
INSERT INTO Cart (owner_id) VALUES(64);
INSERT INTO Cart (owner_id) VALUES(65);
INSERT INTO Cart (owner_id) VALUES(66);
INSERT INTO Cart (owner_id) VALUES(67);
INSERT INTO Cart (owner_id) VALUES(68);
INSERT INTO Cart (owner_id) VALUES(69);
INSERT INTO Cart (owner_id) VALUES(70);
INSERT INTO Cart (owner_id) VALUES(71);
INSERT INTO Cart (owner_id) VALUES(72);
INSERT INTO Cart (owner_id) VALUES(73);
INSERT INTO Cart (owner_id) VALUES(74);
INSERT INTO Cart (owner_id) VALUES(75);
INSERT INTO Cart (owner_id) VALUES(76);
INSERT INTO Cart (owner_id) VALUES(77);
INSERT INTO Cart (owner_id) VALUES(78);
INSERT INTO Cart (owner_id) VALUES(79);
INSERT INTO Cart (owner_id) VALUES(80);
INSERT INTO Cart (owner_id) VALUES(81);
INSERT INTO Cart (owner_id) VALUES(82);
INSERT INTO Cart (owner_id) VALUES(83);
INSERT INTO Cart (owner_id) VALUES(84);
INSERT INTO Cart (owner_id) VALUES(85);
INSERT INTO Cart (owner_id) VALUES(86);
INSERT INTO Cart (owner_id) VALUES(87);
INSERT INTO Cart (owner_id) VALUES(88);
INSERT INTO Cart (owner_id) VALUES(89);
INSERT INTO Cart (owner_id) VALUES(90);
INSERT INTO Cart (owner_id) VALUES(91);
INSERT INTO Cart (owner_id) VALUES(92);
INSERT INTO Cart (owner_id) VALUES(93);
INSERT INTO Cart (owner_id) VALUES(94);
INSERT INTO Cart (owner_id) VALUES(95);
INSERT INTO Cart (owner_id) VALUES(96);
INSERT INTO Cart (owner_id) VALUES(97);
INSERT INTO Cart (owner_id) VALUES(98);
INSERT INTO Cart (owner_id) VALUES(99);
INSERT INTO Cart (owner_id) VALUES(100);

INSERT INTO Cart_Item (cart_id, item_id, amount) VALUES(31, 52, 18);
INSERT INTO Cart_Item (cart_id, item_id, amount) VALUES(74, 96, 8);
INSERT INTO Cart_Item (cart_id, item_id, amount) VALUES(15, 36, 6);
INSERT INTO Cart_Item (cart_id, item_id, amount) VALUES(75, 26, 3);
INSERT INTO Cart_Item (cart_id, item_id, amount) VALUES(62, 3, 16);
INSERT INTO Cart_Item (cart_id, item_id, amount) VALUES(31, 85, 5);
INSERT INTO Cart_Item (cart_id, item_id, amount) VALUES(79, 42, 12);
INSERT INTO Cart_Item (cart_id, item_id, amount) VALUES(55, 53, 6);
INSERT INTO Cart_Item (cart_id, item_id, amount) VALUES(75, 94, 1);
INSERT INTO Cart_Item (cart_id, item_id, amount) VALUES(87, 19, 6);
INSERT INTO Cart_Item (cart_id, item_id, amount) VALUES(58, 76, 6);
INSERT INTO Cart_Item (cart_id, item_id, amount) VALUES(59, 23, 18);
INSERT INTO Cart_Item (cart_id, item_id, amount) VALUES(63, 70, 3);
INSERT INTO Cart_Item (cart_id, item_id, amount) VALUES(86, 18, 6);
INSERT INTO Cart_Item (cart_id, item_id, amount) VALUES(62, 95, 6);
INSERT INTO Cart_Item (cart_id, item_id, amount) VALUES(9, 53, 20);
INSERT INTO Cart_Item (cart_id, item_id, amount) VALUES(1, 45, 17);
INSERT INTO Cart_Item (cart_id, item_id, amount) VALUES(54, 36, 12);
INSERT INTO Cart_Item (cart_id, item_id, amount) VALUES(32, 58, 7);
INSERT INTO Cart_Item (cart_id, item_id, amount) VALUES(61, 73, 6);
INSERT INTO Cart_Item (cart_id, item_id, amount) VALUES(28, 32, 12);
INSERT INTO Cart_Item (cart_id, item_id, amount) VALUES(68, 91, 7);
INSERT INTO Cart_Item (cart_id, item_id, amount) VALUES(28, 22, 14);
INSERT INTO Cart_Item (cart_id, item_id, amount) VALUES(40, 41, 5);
INSERT INTO Cart_Item (cart_id, item_id, amount) VALUES(14, 13, 12);
INSERT INTO Cart_Item (cart_id, item_id, amount) VALUES(52, 89, 2);
INSERT INTO Cart_Item (cart_id, item_id, amount) VALUES(33, 91, 9);
INSERT INTO Cart_Item (cart_id, item_id, amount) VALUES(6, 82, 16);
INSERT INTO Cart_Item (cart_id, item_id, amount) VALUES(99, 12, 17);
INSERT INTO Cart_Item (cart_id, item_id, amount) VALUES(13, 59, 10);
INSERT INTO Cart_Item (cart_id, item_id, amount) VALUES(34, 90, 16);
INSERT INTO Cart_Item (cart_id, item_id, amount) VALUES(51, 4, 13);
INSERT INTO Cart_Item (cart_id, item_id, amount) VALUES(46, 52, 5);
INSERT INTO Cart_Item (cart_id, item_id, amount) VALUES(16, 43, 5);
INSERT INTO Cart_Item (cart_id, item_id, amount) VALUES(70, 90, 1);
INSERT INTO Cart_Item (cart_id, item_id, amount) VALUES(86, 42, 10);
INSERT INTO Cart_Item (cart_id, item_id, amount) VALUES(3, 4, 11);
INSERT INTO Cart_Item (cart_id, item_id, amount) VALUES(32, 80, 1);
INSERT INTO Cart_Item (cart_id, item_id, amount) VALUES(19, 1, 3);
INSERT INTO Cart_Item (cart_id, item_id, amount) VALUES(61, 24, 5);
INSERT INTO Cart_Item (cart_id, item_id, amount) VALUES(23, 8, 11);
INSERT INTO Cart_Item (cart_id, item_id, amount) VALUES(47, 91, 11);
INSERT INTO Cart_Item (cart_id, item_id, amount) VALUES(48, 98, 8);
INSERT INTO Cart_Item (cart_id, item_id, amount) VALUES(92, 39, 8);
INSERT INTO Cart_Item (cart_id, item_id, amount) VALUES(30, 48, 20);
INSERT INTO Cart_Item (cart_id, item_id, amount) VALUES(35, 8, 4);
INSERT INTO Cart_Item (cart_id, item_id, amount) VALUES(89, 87, 9);
INSERT INTO Cart_Item (cart_id, item_id, amount) VALUES(98, 49, 20);
INSERT INTO Cart_Item (cart_id, item_id, amount) VALUES(66, 75, 5);
INSERT INTO Cart_Item (cart_id, item_id, amount) VALUES(96, 32, 15);
INSERT INTO Cart_Item (cart_id, item_id, amount) VALUES(58, 68, 16);
INSERT INTO Cart_Item (cart_id, item_id, amount) VALUES(66, 59, 7);
INSERT INTO Cart_Item (cart_id, item_id, amount) VALUES(85, 47, 17);
INSERT INTO Cart_Item (cart_id, item_id, amount) VALUES(27, 31, 9);
INSERT INTO Cart_Item (cart_id, item_id, amount) VALUES(11, 66, 13);
INSERT INTO Cart_Item (cart_id, item_id, amount) VALUES(85, 40, 11);
INSERT INTO Cart_Item (cart_id, item_id, amount) VALUES(97, 32, 18);
INSERT INTO Cart_Item (cart_id, item_id, amount) VALUES(22, 77, 4);
INSERT INTO Cart_Item (cart_id, item_id, amount) VALUES(97, 99, 13);
INSERT INTO Cart_Item (cart_id, item_id, amount) VALUES(54, 2, 18);
INSERT INTO Cart_Item (cart_id, item_id, amount) VALUES(63, 97, 11);
INSERT INTO Cart_Item (cart_id, item_id, amount) VALUES(74, 48, 17);
INSERT INTO Cart_Item (cart_id, item_id, amount) VALUES(11, 59, 2);
INSERT INTO Cart_Item (cart_id, item_id, amount) VALUES(60, 66, 8);
INSERT INTO Cart_Item (cart_id, item_id, amount) VALUES(32, 62, 13);
INSERT INTO Cart_Item (cart_id, item_id, amount) VALUES(11, 62, 5);
INSERT INTO Cart_Item (cart_id, item_id, amount) VALUES(34, 2, 2);
INSERT INTO Cart_Item (cart_id, item_id, amount) VALUES(58, 43, 16);
INSERT INTO Cart_Item (cart_id, item_id, amount) VALUES(36, 25, 16);
INSERT INTO Cart_Item (cart_id, item_id, amount) VALUES(53, 24, 2);
INSERT INTO Cart_Item (cart_id, item_id, amount) VALUES(96, 100, 9);
INSERT INTO Cart_Item (cart_id, item_id, amount) VALUES(63, 52, 3);
INSERT INTO Cart_Item (cart_id, item_id, amount) VALUES(65, 85, 16);
INSERT INTO Cart_Item (cart_id, item_id, amount) VALUES(42, 13, 3);
INSERT INTO Cart_Item (cart_id, item_id, amount) VALUES(29, 22, 13);
INSERT INTO Cart_Item (cart_id, item_id, amount) VALUES(5, 37, 12);
INSERT INTO Cart_Item (cart_id, item_id, amount) VALUES(62, 20, 20);
INSERT INTO Cart_Item (cart_id, item_id, amount) VALUES(86, 40, 7);
INSERT INTO Cart_Item (cart_id, item_id, amount) VALUES(82, 60, 10);
INSERT INTO Cart_Item (cart_id, item_id, amount) VALUES(46, 7, 1);
INSERT INTO Cart_Item (cart_id, item_id, amount) VALUES(27, 21, 14);
INSERT INTO Cart_Item (cart_id, item_id, amount) VALUES(10, 86, 15);
INSERT INTO Cart_Item (cart_id, item_id, amount) VALUES(64, 93, 17);
INSERT INTO Cart_Item (cart_id, item_id, amount) VALUES(47, 63, 7);
INSERT INTO Cart_Item (cart_id, item_id, amount) VALUES(12, 99, 15);
INSERT INTO Cart_Item (cart_id, item_id, amount) VALUES(25, 7, 20);
INSERT INTO Cart_Item (cart_id, item_id, amount) VALUES(94, 97, 15);
INSERT INTO Cart_Item (cart_id, item_id, amount) VALUES(41, 39, 5);
INSERT INTO Cart_Item (cart_id, item_id, amount) VALUES(16, 17, 2);
INSERT INTO Cart_Item (cart_id, item_id, amount) VALUES(68, 42, 6);
INSERT INTO Cart_Item (cart_id, item_id, amount) VALUES(28, 20, 18);
INSERT INTO Cart_Item (cart_id, item_id, amount) VALUES(96, 94, 11);
INSERT INTO Cart_Item (cart_id, item_id, amount) VALUES(69, 59, 3);
INSERT INTO Cart_Item (cart_id, item_id, amount) VALUES(63, 40, 13);
INSERT INTO Cart_Item (cart_id, item_id, amount) VALUES(7, 62, 10);
INSERT INTO Cart_Item (cart_id, item_id, amount) VALUES(100, 18, 15);
INSERT INTO Cart_Item (cart_id, item_id, amount) VALUES(10, 5, 5);
INSERT INTO Cart_Item (cart_id, item_id, amount) VALUES(55, 43, 2);
INSERT INTO Cart_Item (cart_id, item_id, amount) VALUES(50, 42, 8);
INSERT INTO Cart_Item (cart_id, item_id, amount) VALUES(69, 33, 12);
INSERT INTO Cart_Item (cart_id, item_id, amount) VALUES(89, 16, 1);
INSERT INTO Cart_Item (cart_id, item_id, amount) VALUES(24, 95, 2);
INSERT INTO Cart_Item (cart_id, item_id, amount) VALUES(31, 18, 1);
INSERT INTO Cart_Item (cart_id, item_id, amount) VALUES(44, 17, 7);
INSERT INTO Cart_Item (cart_id, item_id, amount) VALUES(68, 58, 1);
INSERT INTO Cart_Item (cart_id, item_id, amount) VALUES(6, 24, 3);
INSERT INTO Cart_Item (cart_id, item_id, amount) VALUES(90, 42, 10);
INSERT INTO Cart_Item (cart_id, item_id, amount) VALUES(36, 75, 2);
INSERT INTO Cart_Item (cart_id, item_id, amount) VALUES(32, 33, 10);
INSERT INTO Cart_Item (cart_id, item_id, amount) VALUES(96, 38, 11);
INSERT INTO Cart_Item (cart_id, item_id, amount) VALUES(25, 38, 13);
INSERT INTO Cart_Item (cart_id, item_id, amount) VALUES(2, 47, 17);
INSERT INTO Cart_Item (cart_id, item_id, amount) VALUES(42, 84, 15);
INSERT INTO Cart_Item (cart_id, item_id, amount) VALUES(74, 61, 11);
INSERT INTO Cart_Item (cart_id, item_id, amount) VALUES(45, 60, 18);
INSERT INTO Cart_Item (cart_id, item_id, amount) VALUES(20, 26, 11);
INSERT INTO Cart_Item (cart_id, item_id, amount) VALUES(25, 2, 3);
INSERT INTO Cart_Item (cart_id, item_id, amount) VALUES(42, 52, 11);
INSERT INTO Cart_Item (cart_id, item_id, amount) VALUES(62, 15, 15);
INSERT INTO Cart_Item (cart_id, item_id, amount) VALUES(40, 81, 9);
INSERT INTO Cart_Item (cart_id, item_id, amount) VALUES(39, 33, 2);
INSERT INTO Cart_Item (cart_id, item_id, amount) VALUES(87, 94, 5);
INSERT INTO Cart_Item (cart_id, item_id, amount) VALUES(81, 45, 15);
INSERT INTO Cart_Item (cart_id, item_id, amount) VALUES(86, 48, 6);
INSERT INTO Cart_Item (cart_id, item_id, amount) VALUES(21, 49, 3);
INSERT INTO Cart_Item (cart_id, item_id, amount) VALUES(89, 24, 3);
INSERT INTO Cart_Item (cart_id, item_id, amount) VALUES(12, 10, 10);
INSERT INTO Cart_Item (cart_id, item_id, amount) VALUES(69, 21, 6);
INSERT INTO Cart_Item (cart_id, item_id, amount) VALUES(40, 56, 17);
INSERT INTO Cart_Item (cart_id, item_id, amount) VALUES(11, 42, 17);
INSERT INTO Cart_Item (cart_id, item_id, amount) VALUES(74, 67, 17);
INSERT INTO Cart_Item (cart_id, item_id, amount) VALUES(85, 4, 16);
INSERT INTO Cart_Item (cart_id, item_id, amount) VALUES(61, 19, 12);
INSERT INTO Cart_Item (cart_id, item_id, amount) VALUES(34, 27, 15);
INSERT INTO Cart_Item (cart_id, item_id, amount) VALUES(98, 25, 7);
INSERT INTO Cart_Item (cart_id, item_id, amount) VALUES(62, 80, 20);
INSERT INTO Cart_Item (cart_id, item_id, amount) VALUES(6, 29, 19);
INSERT INTO Cart_Item (cart_id, item_id, amount) VALUES(25, 19, 17);
INSERT INTO Cart_Item (cart_id, item_id, amount) VALUES(24, 11, 7);
INSERT INTO Cart_Item (cart_id, item_id, amount) VALUES(76, 47, 11);
INSERT INTO Cart_Item (cart_id, item_id, amount) VALUES(22, 80, 4);
INSERT INTO Cart_Item (cart_id, item_id, amount) VALUES(99, 49, 16);
INSERT INTO Cart_Item (cart_id, item_id, amount) VALUES(49, 27, 8);
INSERT INTO Cart_Item (cart_id, item_id, amount) VALUES(23, 36, 16);
INSERT INTO Cart_Item (cart_id, item_id, amount) VALUES(52, 8, 9);
INSERT INTO Cart_Item (cart_id, item_id, amount) VALUES(51, 21, 17);
INSERT INTO Cart_Item (cart_id, item_id, amount) VALUES(4, 19, 7);
INSERT INTO Cart_Item (cart_id, item_id, amount) VALUES(58, 21, 8);
INSERT INTO Cart_Item (cart_id, item_id, amount) VALUES(14, 65, 17);
INSERT INTO Cart_Item (cart_id, item_id, amount) VALUES(99, 82, 2);
INSERT INTO Cart_Item (cart_id, item_id, amount) VALUES(63, 26, 10);
INSERT INTO Cart_Item (cart_id, item_id, amount) VALUES(13, 27, 11);
INSERT INTO Cart_Item (cart_id, item_id, amount) VALUES(62, 84, 12);
INSERT INTO Cart_Item (cart_id, item_id, amount) VALUES(70, 35, 4);
INSERT INTO Cart_Item (cart_id, item_id, amount) VALUES(49, 49, 14);
INSERT INTO Cart_Item (cart_id, item_id, amount) VALUES(69, 67, 19);
INSERT INTO Cart_Item (cart_id, item_id, amount) VALUES(67, 85, 10);
INSERT INTO Cart_Item (cart_id, item_id, amount) VALUES(71, 65, 15);
INSERT INTO Cart_Item (cart_id, item_id, amount) VALUES(72, 11, 6);
INSERT INTO Cart_Item (cart_id, item_id, amount) VALUES(17, 60, 4);
INSERT INTO Cart_Item (cart_id, item_id, amount) VALUES(25, 42, 17);
INSERT INTO Cart_Item (cart_id, item_id, amount) VALUES(74, 51, 16);
INSERT INTO Cart_Item (cart_id, item_id, amount) VALUES(61, 67, 1);
INSERT INTO Cart_Item (cart_id, item_id, amount) VALUES(67, 15, 17);
INSERT INTO Cart_Item (cart_id, item_id, amount) VALUES(4, 88, 14);
INSERT INTO Cart_Item (cart_id, item_id, amount) VALUES(43, 59, 1);
INSERT INTO Cart_Item (cart_id, item_id, amount) VALUES(51, 47, 15);
INSERT INTO Cart_Item (cart_id, item_id, amount) VALUES(37, 10, 19);
INSERT INTO Cart_Item (cart_id, item_id, amount) VALUES(21, 34, 1);
INSERT INTO Cart_Item (cart_id, item_id, amount) VALUES(93, 13, 2);
INSERT INTO Cart_Item (cart_id, item_id, amount) VALUES(27, 2, 13);
INSERT INTO Cart_Item (cart_id, item_id, amount) VALUES(38, 93, 12);
INSERT INTO Cart_Item (cart_id, item_id, amount) VALUES(32, 79, 16);
INSERT INTO Cart_Item (cart_id, item_id, amount) VALUES(39, 18, 12);
INSERT INTO Cart_Item (cart_id, item_id, amount) VALUES(44, 93, 9);
INSERT INTO Cart_Item (cart_id, item_id, amount) VALUES(97, 13, 9);
INSERT INTO Cart_Item (cart_id, item_id, amount) VALUES(1, 92, 6);
INSERT INTO Cart_Item (cart_id, item_id, amount) VALUES(96, 19, 14);
INSERT INTO Cart_Item (cart_id, item_id, amount) VALUES(64, 44, 14);
INSERT INTO Cart_Item (cart_id, item_id, amount) VALUES(9, 67, 4);
INSERT INTO Cart_Item (cart_id, item_id, amount) VALUES(50, 56, 2);
INSERT INTO Cart_Item (cart_id, item_id, amount) VALUES(85, 64, 14);
INSERT INTO Cart_Item (cart_id, item_id, amount) VALUES(60, 12, 16);
INSERT INTO Cart_Item (cart_id, item_id, amount) VALUES(71, 74, 16);
INSERT INTO Cart_Item (cart_id, item_id, amount) VALUES(18, 36, 14);
INSERT INTO Cart_Item (cart_id, item_id, amount) VALUES(88, 78, 2);
INSERT INTO Cart_Item (cart_id, item_id, amount) VALUES(70, 57, 4);
INSERT INTO Cart_Item (cart_id, item_id, amount) VALUES(63, 24, 7);
INSERT INTO Cart_Item (cart_id, item_id, amount) VALUES(56, 62, 9);
INSERT INTO Cart_Item (cart_id, item_id, amount) VALUES(1, 95, 1);
INSERT INTO Cart_Item (cart_id, item_id, amount) VALUES(84, 59, 18);
INSERT INTO Cart_Item (cart_id, item_id, amount) VALUES(47, 67, 1);
INSERT INTO Cart_Item (cart_id, item_id, amount) VALUES(93, 14, 20);
INSERT INTO Cart_Item (cart_id, item_id, amount) VALUES(96, 87, 13);
INSERT INTO Cart_Item (cart_id, item_id, amount) VALUES(14, 29, 11);
INSERT INTO Cart_Item (cart_id, item_id, amount) VALUES(70, 73, 10);
INSERT INTO Cart_Item (cart_id, item_id, amount) VALUES(66, 14, 19);
INSERT INTO Cart_Item (cart_id, item_id, amount) VALUES(87, 49, 8);
INSERT INTO Cart_Item (cart_id, item_id, amount) VALUES(9, 56, 4);
INSERT INTO Cart_Item (cart_id, item_id, amount) VALUES(9, 58, 12);
INSERT INTO Cart_Item (cart_id, item_id, amount) VALUES(73, 28, 9);
INSERT INTO Cart_Item (cart_id, item_id, amount) VALUES(14, 50, 10);
INSERT INTO Cart_Item (cart_id, item_id, amount) VALUES(92, 68, 18);
INSERT INTO Cart_Item (cart_id, item_id, amount) VALUES(80, 44, 2);
INSERT INTO Cart_Item (cart_id, item_id, amount) VALUES(44, 30, 7);
INSERT INTO Cart_Item (cart_id, item_id, amount) VALUES(45, 80, 14);
INSERT INTO Cart_Item (cart_id, item_id, amount) VALUES(78, 60, 14);
INSERT INTO Cart_Item (cart_id, item_id, amount) VALUES(93, 19, 4);
INSERT INTO Cart_Item (cart_id, item_id, amount) VALUES(74, 44, 9);
INSERT INTO Cart_Item (cart_id, item_id, amount) VALUES(15, 78, 18);
INSERT INTO Cart_Item (cart_id, item_id, amount) VALUES(26, 1, 2);
INSERT INTO Cart_Item (cart_id, item_id, amount) VALUES(95, 80, 10);
INSERT INTO Cart_Item (cart_id, item_id, amount) VALUES(88, 71, 16);
INSERT INTO Cart_Item (cart_id, item_id, amount) VALUES(77, 73, 18);
INSERT INTO Cart_Item (cart_id, item_id, amount) VALUES(60, 100, 6);
INSERT INTO Cart_Item (cart_id, item_id, amount) VALUES(67, 97, 13);
INSERT INTO Cart_Item (cart_id, item_id, amount) VALUES(37, 96, 19);
INSERT INTO Cart_Item (cart_id, item_id, amount) VALUES(87, 34, 13);
INSERT INTO Cart_Item (cart_id, item_id, amount) VALUES(51, 42, 15);
INSERT INTO Cart_Item (cart_id, item_id, amount) VALUES(6, 5, 5);
INSERT INTO Cart_Item (cart_id, item_id, amount) VALUES(10, 35, 9);
INSERT INTO Cart_Item (cart_id, item_id, amount) VALUES(38, 11, 11);
INSERT INTO Cart_Item (cart_id, item_id, amount) VALUES(96, 86, 2);
INSERT INTO Cart_Item (cart_id, item_id, amount) VALUES(11, 20, 17);
INSERT INTO Cart_Item (cart_id, item_id, amount) VALUES(64, 60, 18);
INSERT INTO Cart_Item (cart_id, item_id, amount) VALUES(66, 29, 15);
INSERT INTO Cart_Item (cart_id, item_id, amount) VALUES(53, 64, 1);
INSERT INTO Cart_Item (cart_id, item_id, amount) VALUES(14, 25, 13);
INSERT INTO Cart_Item (cart_id, item_id, amount) VALUES(83, 21, 13);
INSERT INTO Cart_Item (cart_id, item_id, amount) VALUES(56, 64, 1);
INSERT INTO Cart_Item (cart_id, item_id, amount) VALUES(7, 43, 20);
INSERT INTO Cart_Item (cart_id, item_id, amount) VALUES(87, 93, 5);
INSERT INTO Cart_Item (cart_id, item_id, amount) VALUES(64, 93, 13);
INSERT INTO Cart_Item (cart_id, item_id, amount) VALUES(67, 90, 11);
INSERT INTO Cart_Item (cart_id, item_id, amount) VALUES(45, 43, 8);
INSERT INTO Cart_Item (cart_id, item_id, amount) VALUES(11, 97, 7);
INSERT INTO Cart_Item (cart_id, item_id, amount) VALUES(20, 87, 10);
INSERT INTO Cart_Item (cart_id, item_id, amount) VALUES(86, 7, 6);
INSERT INTO Cart_Item (cart_id, item_id, amount) VALUES(50, 64, 2);
INSERT INTO Cart_Item (cart_id, item_id, amount) VALUES(72, 24, 17);
INSERT INTO Cart_Item (cart_id, item_id, amount) VALUES(8, 75, 16);
INSERT INTO Cart_Item (cart_id, item_id, amount) VALUES(8, 48, 10);
INSERT INTO Cart_Item (cart_id, item_id, amount) VALUES(20, 38, 1);
INSERT INTO Cart_Item (cart_id, item_id, amount) VALUES(22, 81, 3);
INSERT INTO Cart_Item (cart_id, item_id, amount) VALUES(59, 8, 8);
INSERT INTO Cart_Item (cart_id, item_id, amount) VALUES(34, 11, 3);
INSERT INTO Cart_Item (cart_id, item_id, amount) VALUES(53, 72, 17);
INSERT INTO Cart_Item (cart_id, item_id, amount) VALUES(87, 2, 13);
INSERT INTO Cart_Item (cart_id, item_id, amount) VALUES(38, 55, 17);
INSERT INTO Cart_Item (cart_id, item_id, amount) VALUES(81, 31, 3);